번호,크리에이터,마이스토어URL,상품명,마이링크URL,유형
1,"씽아","https://mystore-mockup.vercel.app/sing.______","씽아 팔로워 전용 선착순 할인 쿠폰팩 최대 99,000 원 8종 구성 받기","https://myrealt.rip/YyJb42","기타"
2,"씽아","https://mystore-mockup.vercel.app/sing.______","나트랑 깜란공항 패스트트랙 (입국&출국)","https://myrealt.rip/YyIJ2a","공항편의"
3,"씽아","https://mystore-mockup.vercel.app/sing.______","나트랑 공항 픽업&샌딩 프라이빗 단독차량","https://myrealt.rip/YyIK93","공항편의"
4,"씽아","https://mystore-mockup.vercel.app/sing.______","나트랑 국제공항 VIP 패스트트랙","https://myrealt.rip/YyIN7c","공항편의"
5,"씽아","https://mystore-mockup.vercel.app/sing.______","나트랑 출발 판랑 사막투어 (일출/선셋)","https://myrealt.rip/YyIO49","투어"
6,"씽아","https://mystore-mockup.vercel.app/sing.______","나트랑 판랑 사막 인생샷 투어 (드론촬영+스냅 무료)","https://myrealt.rip/YyIqad","투어"
7,"씽아","https://mystore-mockup.vercel.app/sing.______","나트랑 미니비치 스노쿨링 호핑투어 (한국인가이드+고프로 무료)","https://myrealt.rip/YyJI0f","투어"
8,"씽아","https://mystore-mockup.vercel.app/sing.______","나트랑 해적 호핑투어 (무제한 음료&맥주+스노클링)","https://myrealt.rip/YyJJ97","투어"
9,"씽아","https://mystore-mockup.vercel.app/sing.______","나트랑 빈원더스 입장권 + 왕복 케이블카","https://myrealt.rip/YyJKc7","입장권"
10,"씽아","https://mystore-mockup.vercel.app/sing.______","나트랑 깜란공항 패스트트랙 (빠른입국&출국)","https://myrealt.rip/YyJM18","공항편의"
11,"씽아","https://mystore-mockup.vercel.app/sing.______","나트랑 깜란 공항 단독 & 조인 차량 픽업 샌딩","https://myrealt.rip/YyJNc4","공항편의"
12,"씽아","https://mystore-mockup.vercel.app/sing.______","사타 호텔 나트랑","https://myrealt.rip/YyJP9f","숙소"
13,"씽아","https://mystore-mockup.vercel.app/sing.______","아이리조트 나트랑 입장권","https://myrealt.rip/YyS849","입장권"
14,"씽아","https://mystore-mockup.vercel.app/sing.______","알마리조트 나트랑","https://myrealt.rip/YyJR1f","숙소"
15,"씽아","https://mystore-mockup.vercel.app/sing.______","더 웨스틴 리조트 & 스파 깜란","https://myrealt.rip/YyJS16","숙소"
16,"백자매","https://mystore-mockup.vercel.app/travel_baek","백자매 팔로워 전용 선착순 할인 쿠폰팩 최대 99,000 원 8종 구성 받기","https://myrealt.rip/YxxT27","기타"
17,"백자매","https://mystore-mockup.vercel.app/travel_baek","나트랑 깜란공항 패스트트랙 (입국&출국)","https://myrealt.rip/Yy1Gfe","공항편의"
18,"백자매","https://mystore-mockup.vercel.app/travel_baek","나트랑 공항 픽업&샌딩 프라이빗 단독차량","https://myrealt.rip/Yy1Hf7","공항편의"
19,"백자매","https://mystore-mockup.vercel.app/travel_baek","나트랑 국제공항 VIP 패스트트랙","https://myrealt.rip/Yy1Ie3","공항편의"
20,"백자매","https://mystore-mockup.vercel.app/travel_baek","나트랑 미니비치 스노쿨링 호핑투어 (한국인가이드+고프로 무료)","https://myrealt.rip/Yy1L34","투어"
21,"백자매","https://mystore-mockup.vercel.app/travel_baek","나트랑 해적 호핑투어 (무제한 음료&맥주+스노클링)","https://myrealt.rip/Yy1N74","투어"
22,"백자매","https://mystore-mockup.vercel.app/travel_baek","나트랑 빈원더스 입장권 + 왕복 케이블카","https://myrealt.rip/Yy1Of7","입장권"
23,"백자매","https://mystore-mockup.vercel.app/travel_baek","나트랑 깜란공항 패스트트랙 (빠른입국&출국)","https://myrealt.rip/Yy1q81","공항편의"
24,"백자매","https://mystore-mockup.vercel.app/travel_baek","나트랑 깜란 공항 단독 & 조인 차량 픽업 샌딩","https://myrealt.rip/Yy2q10","공항편의"
25,"백자매","https://mystore-mockup.vercel.app/travel_baek","하바나호텔 나트랑","https://myrealt.rip/YxyS4f","숙소"
26,"백자매","https://mystore-mockup.vercel.app/travel_baek","알마 리조트 나트랑","https://myrealt.rip/YxzEc6","숙소"
27,"훵","https://mystore-mockup.vercel.app/hwung_travel","나고야 메이테츠 공항철도 편도티켓","https://myrealt.rip/ZIsDf6","기타"
28,"훵","https://mystore-mockup.vercel.app/hwung_travel","시라카와고 & 다카야마 버스투어 (한국인가이드)","https://myrealt.rip/ZIsE48","투어"
29,"훵","https://mystore-mockup.vercel.app/hwung_travel","나고야 시라카와고 히다 다카야마 버스투어 DSLR 촬영","https://myrealt.rip/ZIsF7d","투어"
30,"훵","https://mystore-mockup.vercel.app/hwung_travel","나고야 출발 1일 시라카와고 히다 다카야마 버스투어 (아이트립)","https://myrealt.rip/ZIsG9e","투어"
31,"훵","https://mystore-mockup.vercel.app/hwung_travel","미슐랭 별3개 시라카와고 버스투어 (한국인가이드)","https://myrealt.rip/ZIsHe7","투어"
32,"훵","https://mystore-mockup.vercel.app/hwung_travel","나고야 다카야마 시라카와고 버스투어 엔데이트립","https://myrealt.rip/ZIsIe6","투어"
33,"훵","https://mystore-mockup.vercel.app/hwung_travel","유투어버스 나고야 다카야마N시라카와고 버스 투어","https://myrealt.rip/ZIsJ64","투어"
34,"훵","https://mystore-mockup.vercel.app/hwung_travel","알펜루트 설벽산책과 세계유산 시라카와고 1일투어","https://myrealt.rip/ZIsK99","투어"
35,"훵","https://mystore-mockup.vercel.app/hwung_travel","나고야항 수족관 입장권","https://myrealt.rip/ZIsL1c","입장권"
36,"훵","https://mystore-mockup.vercel.app/hwung_travel","포뮬러 F1 일본 스즈카 그랑프리 2026 (3일권)","https://myrealt.rip/ZIsM84","기타"
37,"대로와나나","https://mystore-mockup.vercel.app/daero._.nana","대로와나나 팔로워 전용 선착순 할인 쿠폰팩 최대 99,000 원 8종 구성 받기","https://myrealt.rip/YtSj41","기타"
38,"대로와나나","https://mystore-mockup.vercel.app/daero._.nana","투어 후쿠오카 근교 버스투어 히타 · 유후인 · 벳부 코스 →","https://myrealt.rip/YtSxb2","투어"
39,"대로와나나","https://mystore-mockup.vercel.app/daero._.nana","🏨 오사카 소테츠 호텔","https://myrealt.rip/YtTx21","숙소"
40,"대로와나나","https://mystore-mockup.vercel.app/daero._.nana","🏨 오사카 가성비 럭스","https://myrealt.rip/YtTD91","기타"
41,"대로와나나","https://mystore-mockup.vercel.app/daero._.nana","⛩️ 교토 당일 버스투어","https://myrealt.rip/YtU11a","투어"
42,"대로와나나","https://mystore-mockup.vercel.app/daero._.nana","🏖️ BEB5 오키나와 리조트","https://myrealt.rip/YtU7e4","숙소"
43,"대로와나나","https://mystore-mockup.vercel.app/daero._.nana","🇹🇼 대만 예스폭지 투어","https://myrealt.rip/YtTF81","투어"
44,"대로와나나","https://mystore-mockup.vercel.app/daero._.nana","후쿠오카 산큐패스 2일권","https://myrealt.rip/YtkQ0f","교통패스"
45,"대로와나나","https://mystore-mockup.vercel.app/daero._.nana","히타 자전거 투어","https://myrealt.rip/YtTI9a","투어"
46,"대로와나나","https://mystore-mockup.vercel.app/daero._.nana","후쿠오카 투어리스트 시티패스","https://myrealt.rip/YtTJb1","투어"
47,"대로와나나","https://mystore-mockup.vercel.app/daero._.nana","일본 이심 (5일, 2GB/일)","https://myrealt.rip/YtTN9d","이심"
48,"대로와나나","https://mystore-mockup.vercel.app/daero._.nana","후쿠오카 추천 숙소","https://myrealt.rip/YtTVed","숙소"
49,"대로와나나","https://mystore-mockup.vercel.app/daero._.nana","코코호텔","https://myrealt.rip/YtTW65","숙소"
50,"대로와나나","https://mystore-mockup.vercel.app/daero._.nana","코트호텔","https://myrealt.rip/YtTX56","숙소"
51,"대로와나나","https://mystore-mockup.vercel.app/daero._.nana","더 라이블리 호텔","https://myrealt.rip/YtTY2d","숙소"
52,"제이나","https://mystore-mockup.vercel.app/life.traveler.jayna","제이나 팔로워 전용 선착순 할인 쿠폰팩 최대 99,000 원 8종 구성 받기","https://myrealt.rip/ZHNj58","기타"
53,"제이나","https://mystore-mockup.vercel.app/life.traveler.jayna","보홀 조인/단독 픽업 샌딩","https://myrealt.rip/ZIquba","기타"
54,"제이나","https://mystore-mockup.vercel.app/life.traveler.jayna","보홀 한바다 호핑 (발리카삭 거북이 & 나팔링)","https://myrealt.rip/ZIqve7","투어"
55,"제이나","https://mystore-mockup.vercel.app/life.traveler.jayna","보홀 프리미엄 디프리호핑 (DJ공연·발리카삭·버진아일랜드)","https://myrealt.rip/ZIqwde","투어"
56,"제이나","https://mystore-mockup.vercel.app/life.traveler.jayna","보홀 팡라오 공항 ↔ 팡라오섬 이동 서비스","https://myrealt.rip/ZIqxbf","기타"
57,"제이나","https://mystore-mockup.vercel.app/life.traveler.jayna","보홀션 입국팩 (BS리조트·알로나비치 도보5분)","https://myrealt.rip/ZIqycd","숙소"
58,"제이나","https://mystore-mockup.vercel.app/life.traveler.jayna","보홀 반딧불 투어 (핫스팟 보트탑승)","https://myrealt.rip/ZIqz3a","투어"
59,"제이나","https://mystore-mockup.vercel.app/life.traveler.jayna","보홀 발리카삭 버진아일랜드 호핑투어 (픽업드랍 포함)","https://myrealt.rip/ZIr062","투어"
60,"제이나","https://mystore-mockup.vercel.app/life.traveler.jayna","보홀 스타인 핵심 데이 육상 투어 (로복강·초코릿힐·안경원숭이)","https://myrealt.rip/ZIr125","투어"
61,"제이나","https://mystore-mockup.vercel.app/life.traveler.jayna","보홀 나팔링 & 히낙다난동굴 스노클링","https://myrealt.rip/ZIr21f","투어"
62,"제이나","https://mystore-mockup.vercel.app/life.traveler.jayna","보홀 나팔링 체험프리다이빙 강습 투어 (정어리 수중스냅)","https://myrealt.rip/ZIr3d2","투어"
63,"혜밍웨이","https://mystore-mockup.vercel.app/hyemingway0707","프라하↔베를린 기차","https://www.myrealtrip.com/transportation","기타"
64,"부산맛나","https://mystore-mockup.vercel.app/busan_matna_","삿포로 비에이 후라노 버스투어 DSLR 촬영 (인디고트래블)","https://myrealt.rip/ZIqQ4e","투어"
65,"부산맛나","https://mystore-mockup.vercel.app/busan_matna_","북해도 비에이 후라노 삿포로 버스투어 (라쿠투어)","https://myrealt.rip/ZIqR5e","투어"
66,"부산맛나","https://mystore-mockup.vercel.app/busan_matna_","삿포로 비에이 후라노 버스투어 엔데이트립","https://myrealt.rip/ZIqS52","투어"
67,"부산맛나","https://mystore-mockup.vercel.app/busan_matna_","비에이 후라노 버스투어 여행 한 그릇","https://myrealt.rip/ZIqTb7","투어"
68,"부산맛나","https://mystore-mockup.vercel.app/busan_matna_","흰그림자투어 비에이 후라노 버스투어","https://myrealt.rip/ZIqU73","투어"
69,"부산맛나","https://mystore-mockup.vercel.app/busan_matna_","엔데이트립 비에이 아사히야마 동물원 버스투어","https://myrealt.rip/ZIqV3f","투어"
70,"부산맛나","https://mystore-mockup.vercel.app/busan_matna_","삿포로 TV 타워 입장권","https://myrealt.rip/ZIqWb9","입장권"
71,"부산맛나","https://mystore-mockup.vercel.app/busan_matna_","JR홋카이도 삿포로-노보리베츠 에리어패스 4일권","https://myrealt.rip/ZIqX03","교통패스"
72,"부산맛나","https://mystore-mockup.vercel.app/busan_matna_","노보리베츠 온천마을 도야호 버스투어","https://myrealt.rip/ZIqY61","투어"
73,"부산맛나","https://mystore-mockup.vercel.app/busan_matna_","마이재팬 비에이 후라노 버스투어","https://myrealt.rip/ZIqZ65","투어"
74,"부산맛나","https://mystore-mockup.vercel.app/busan_matna_","인천-삿포로 왕복 항공권","https://myrealt.rip/ZJow18","항공"
75,"부산맛나","https://mystore-mockup.vercel.app/busan_matna_","일본 이심 (7일, 무제한)","https://myrealt.rip/ZJozbe","이심"
76,"홍다닥","https://mystore-mockup.vercel.app/hongdadak","📱 여행 이심 (국가별 다양) 도착 즉시 사용 가능 ›","https://myrealt.rip/ZJqva5","이심"
77,"홍다닥","https://mystore-mockup.vercel.app/hongdadak","한국어 하롱베이 당일 크루즈 (Korean Halong Bay Tour)","https://myrealt.rip/ZIrsbc","투어"
78,"홍다닥","https://mystore-mockup.vercel.app/hongdadak","닌빈 당일 투어 - 항무아·짱안·바이딘 (리무진차량)","https://myrealt.rip/ZIrt0a","투어"
79,"홍다닥","https://mystore-mockup.vercel.app/hongdadak","하노이→사파 슬리핑 캐빈 버스 (시내 픽업드롭 포함)","https://myrealt.rip/ZIru51","기타"
80,"홍다닥","https://mystore-mockup.vercel.app/hongdadak","하노이→사파 기차 (사파 슬리핑 기차)","https://myrealt.rip/ZIrv57","기타"
81,"홍다닥","https://mystore-mockup.vercel.app/hongdadak","더드림투어 하노이 공항 VIP 패스트트랙 입출국","https://myrealt.rip/ZIrwfd","공항편의"
82,"홍다닥","https://mystore-mockup.vercel.app/hongdadak","베트남 하노이공항 입출국심사 VIP 패스트트랙","https://myrealt.rip/ZIrx88","공항편의"
83,"홍다닥","https://mystore-mockup.vercel.app/hongdadak","하노이 공항 픽업 & 샌딩 (단독 차량)","https://myrealt.rip/ZIryd1","공항편의"
84,"홍다닥","https://mystore-mockup.vercel.app/hongdadak","[eSIM/로컬] 베트남 이심","https://myrealt.rip/ZIrzed","이심"
85,"홍다닥","https://mystore-mockup.vercel.app/hongdadak","프리미엄 마나가하 투어 (패러세일링+거북이호핑)","https://myrealt.rip/ZIs071","투어"
86,"홍다닥","https://mystore-mockup.vercel.app/hongdadak","죠가이드 사이판 별빛투어","https://myrealt.rip/ZIs189","투어"
87,"홍다닥","https://mystore-mockup.vercel.app/hongdadak","그로토 스노클링 & 체험다이빙","https://myrealt.rip/ZIs265","투어"
88,"홍다닥","https://mystore-mockup.vercel.app/hongdadak","사이판 공항 ↔ 호텔 픽업샌딩 (프라이빗)","https://myrealt.rip/ZIs305","숙소"
89,"홍다닥","https://mystore-mockup.vercel.app/hongdadak","그로토 스노클링 & 선셋 씨푸드 BBQ디너","https://myrealt.rip/ZIs476","투어"
90,"홍다닥","https://mystore-mockup.vercel.app/hongdadak","켄싱턴호텔 사이판 (올인클루시브)","https://myrealt.rip/ZJqqef","숙소"
91,"홍다닥","https://mystore-mockup.vercel.app/hongdadak","호텔 뉴 츠루타","https://myrealt.rip/ZJqrd5","숙소"
92,"홍다닥","https://mystore-mockup.vercel.app/hongdadak","호텔 포자 오이타","https://myrealt.rip/ZJqsc6","숙소"
93,"홍다닥","https://mystore-mockup.vercel.app/hongdadak","벳푸 가마도 지옥 온천 & 족욕","https://myrealt.rip/ZJqtb9","기타"
94,"홍다닥","https://mystore-mockup.vercel.app/hongdadak","오이타·벳푸 공항 픽업&샌딩","https://myrealt.rip/ZJqua6","공항편의"
95,"홍다닥","https://mystore-mockup.vercel.app/hongdadak","후쿠오카 유후인 벳부 히타 다자이후 버스투어","https://myrealt.rip/ZJqwb4","투어"
96,"재구언","https://mystore-mockup.vercel.app/jae9un.jpg","재구언 팔로워 전용 선착순 할인 쿠폰팩 최대 99,000 원 8종 구성 받기","https://myrealt.rip/ZHIi23","기타"
97,"재구언","https://mystore-mockup.vercel.app/jae9un.jpg","도쿄 디즈니랜드 & 디즈니씨 이용권","https://myrealt.rip/6CKM9e","기타"
98,"재구언","https://mystore-mockup.vercel.app/jae9un.jpg","USJ 익스프레스 패스","https://myrealt.rip/6xX5ea","교통패스"
99,"재구언","https://mystore-mockup.vercel.app/jae9un.jpg","LA 캘리포니아 디즈니랜드","https://myrealt.rip/78eaac","기타"
100,"재구언","https://mystore-mockup.vercel.app/jae9un.jpg","유니버설 스튜디오 할리우드 1+1","https://myrealt.rip/7H5I25","기타"
101,"재구언","https://mystore-mockup.vercel.app/jae9un.jpg","유니버설 스튜디오 싱가포르","https://myrealt.rip/8NTf1e","기타"
102,"재구언","https://mystore-mockup.vercel.app/jae9un.jpg","파리 디즈니랜드 이용권","https://myrealt.rip/7C8oa0","기타"
103,"재구언","https://mystore-mockup.vercel.app/jae9un.jpg","홍콩 디즈니랜드 이용권","https://myrealt.rip/OZ5if1","기타"
104,"재구언","https://mystore-mockup.vercel.app/jae9un.jpg","에버랜드 오후권(애프터2) 최저가","https://myrealt.rip/6MKc1c","기타"
105,"재구언","https://mystore-mockup.vercel.app/jae9un.jpg","제주 신화월드 테마파크 이용권","https://myrealt.rip/6DPP49","기타"
106,"재구언","https://mystore-mockup.vercel.app/jae9un.jpg","슈퍼 닌텐도 월드 확약권 + 1일 입장권 + 간사이 조이패스","https://myrealt.rip/ZHIm25","교통패스"
107,"재구언","https://mystore-mockup.vercel.app/jae9un.jpg","익스프레스 4","https://myrealt.rip/ZHIq6d","기타"
108,"재구언","https://mystore-mockup.vercel.app/jae9un.jpg","프리미엄 간사이 조이패스 일주일권","https://myrealt.rip/ZHIle9","교통패스"
109,"재구언","https://mystore-mockup.vercel.app/jae9un.jpg","1일 입장권 + 마이리얼트립 1만 포인트","https://myrealt.rip/ZHInee","입장권"
110,"민픽","https://mystore-mockup.vercel.app/min_pic._","민픽 팔로워 전용 선착순 할인 쿠폰팩 최대 99,000 원 8종 구성 받기","https://myrealt.rip/ZGwvd6","기타"
111,"민픽","https://mystore-mockup.vercel.app/min_pic._","[콜로세움+포로로마노 투어] 콜로세움·포로로마노·팔라틴 언덕 가이드 투어","https://myrealt.rip/ZIq8e8","투어"
112,"민픽","https://mystore-mockup.vercel.app/min_pic._","[바티칸 오전 패스트트랙] BEST OF BEST 바티칸 박물관 투어","https://myrealt.rip/ZIq94f","투어"
113,"민픽","https://mystore-mockup.vercel.app/min_pic._","[4년연속 1등 야경시내투어] 트레비·판테온·나보나 야경 최대코스","https://myrealt.rip/ZIqA97","투어"
114,"민픽","https://mystore-mockup.vercel.app/min_pic._","[오후/바티칸 투어] 박물관+성당 내부입장 패스트트랙","https://myrealt.rip/ZIqBa4","투어"
115,"민픽","https://mystore-mockup.vercel.app/min_pic._","[로마] 콜로세움+포로로마노+팔라티노 입장권 오디오가이드 포함","https://myrealt.rip/ZIqC84","입장권"
116,"민픽","https://mystore-mockup.vercel.app/min_pic._","유럽 42개국 이심 eSIM (로밍 데이터 무제한)","https://myrealt.rip/ZGwi97","이심"
117,"민픽","https://mystore-mockup.vercel.app/min_pic._","이탈리아 남부투어 포지타노·아말피 페리 탑승 (로마출발)","https://myrealt.rip/ZIq47b","투어"
118,"민픽","https://mystore-mockup.vercel.app/min_pic._","[바티칸 명품 투어] 열정&지식&효율 패스트트랙","https://myrealt.rip/ZIq564","투어"
119,"민픽","https://mystore-mockup.vercel.app/min_pic._","박재벌 엔터 이탈리아 남부투어 비교불가 재미 (로마출발)","https://myrealt.rip/ZIq636","투어"
120,"민픽","https://mystore-mockup.vercel.app/min_pic._","[바티칸 집중] 9천개+ 후기 최다보유 투어","https://myrealt.rip/ZIq70c","투어"
121,"헨리","https://mystore-mockup.vercel.app/henriuniverse","🎁 쿠폰팩 마이리얼트립 할인 쿠폰팩 myrealtrip.com · 헨리 전용 혜택 ›","https://myrealt.rip/TcxB22","기타"
122,"헨리","https://mystore-mockup.vercel.app/henriuniverse","헨리 강추 거북이스노클링/선셋크루즈+5종해양 내돈내산 후기 6,700개 ›","https://myrealt.rip/ZIri8d","투어"
123,"헨리","https://mystore-mockup.vercel.app/henriuniverse","헨리 강추 쿠알로아 랜치 UTV 랩터 투어 myrealtrip.com · 하와이 ›","https://myrealt.rip/ZIrj0c","투어"
124,"헨리","https://mystore-mockup.vercel.app/henriuniverse","공항 하와이 공항 픽업/샌딩 (씨엠트래블) myrealtrip.com · 한인택시 ›","https://myrealt.rip/ZIrk8d","공항편의"
125,"헨리","https://mystore-mockup.vercel.app/henriuniverse","공연 폴리네시안 문화센터 myrealtrip.com · 하와이 ›","https://myrealt.rip/ZIrqde","기타"
126,"헨리","https://mystore-mockup.vercel.app/henriuniverse","거북이스노클링+해양5종 (놀고먹고찍고)","https://myrealt.rip/ZIrl9d","투어"
127,"헨리","https://mystore-mockup.vercel.app/henriuniverse","쿠알로아 랜치 무비사이트 투어 90분","https://myrealt.rip/ZIrm81","투어"
128,"헨리","https://mystore-mockup.vercel.app/henriuniverse","하나우마베이 예약 대행+스노클링 장비 렌탈","https://myrealt.rip/ZIrn13","투어"
129,"헨리","https://mystore-mockup.vercel.app/henriuniverse","하나우마베이 스노클링 사전예약 (입장권 포함)","https://myrealt.rip/ZIro5c","투어"
130,"헨리","https://mystore-mockup.vercel.app/henriuniverse","쿠알로아 랜치 전기산악 자전거 투어","https://myrealt.rip/ZIrp0f","투어"
131,"헨리","https://mystore-mockup.vercel.app/henriuniverse","스타오브호놀룰루 디너 크루즈","https://myrealt.rip/ZIrrb4","투어"
132,"헨리","https://mystore-mockup.vercel.app/henriuniverse","인천↔호놀룰루 항공권 검색","https://myrealt.rip/ZJqc36","항공"
133,"예슬리오","https://mystore-mockup.vercel.app/yeseulio","📱 필수 일본 이심 eSIM 로컬 데이터 무제한 도착 즉시 사용 · 도쿄·오사카 전국 ›","https://www.myrealtrip.com/sim/products/4743438","이심"
134,"예슬리오","https://mystore-mockup.vercel.app/yeseulio","[즉시확정] 도쿄 나리타 공항 스카이라이너 고속 열차 티켓","https://www.myrealtrip.com/experiences/5869252","투어/액티비티"
135,"예슬리오","https://mystore-mockup.vercel.app/yeseulio","도쿄 후지산 핵심코스 1일 버스투어 (한국어 가이드)","https://www.myrealtrip.com/experiences/3887547","투어"
136,"예슬리오","https://mystore-mockup.vercel.app/yeseulio","[즉시확정] 도쿄 지하철 메트로 패스 (24/48/72시간)","https://www.myrealtrip.com/experiences/5889797","교통패스"
137,"예슬리오","https://mystore-mockup.vercel.app/yeseulio","[시간지정] 도쿄 공항 리무진 버스 (나리타 공항→시내)","https://www.myrealtrip.com/experiences/5869311","투어/액티비티"
138,"예슬리오","https://mystore-mockup.vercel.app/yeseulio","워너 브라더스 스튜디오 투어 도쿄 - 해리포터","https://www.myrealtrip.com/experiences/5869355","투어"
139,"예슬리오","https://mystore-mockup.vercel.app/yeseulio","도쿄디즈니리조트 1데이 패스포트 (랜드 or 씨)","https://www.myrealtrip.com/experiences/3885807","숙소"
140,"예슬리오","https://mystore-mockup.vercel.app/yeseulio","후지산 하이라이트 포토스팟 일일 버스투어 (1명도 출발)","https://www.myrealtrip.com/experiences/3887808","투어"
141,"예슬리오","https://mystore-mockup.vercel.app/yeseulio","[콤보] 도쿄 스카이라이너 왕복 + 도쿄 지하철 패스","https://www.myrealtrip.com/experiences/5869272","교통패스"
142,"예슬리오","https://mystore-mockup.vercel.app/yeseulio","[시간지정] 도쿄 공항 리무진 버스 (시내→나리타 공항)","https://www.myrealtrip.com/experiences/5869312","투어/액티비티"
143,"예슬리오","https://mystore-mockup.vercel.app/yeseulio","일본 이심 eSIM 도쿄 (소프트뱅크 매일 500MB)","https://www.myrealtrip.com/experiences/3443071","이심"
144,"별별리뷰","https://mystore-mockup.vercel.app/review__channel","✈️ 편의 다낭 VIP 패스트트랙 (입출국) 입출국 전용 패스트트랙 →","https://myrealt.rip/ZIqG14","교통패스"
145,"별별리뷰","https://mystore-mockup.vercel.app/review__channel","🎫 입장권 바나힐 입장권 + eSIM 50% 할인 바나힐 입장권 + eSIM 번들 특가 →","https://myrealt.rip/ZIqH90","이심"
146,"별별리뷰","https://mystore-mockup.vercel.app/review__channel","🚗 공항 다낭 공항 단독 픽업&샌딩 공항 단독 픽업·샌딩 →","https://myrealt.rip/ZIqI20","공항편의"
147,"별별리뷰","https://mystore-mockup.vercel.app/review__channel","🚌 투어 바나힐 + 단독 왕복차량 투어 바나힐 단독 차량 포함 투어 →","https://myrealt.rip/ZIqJbb","투어"
148,"별별리뷰","https://mystore-mockup.vercel.app/review__channel","✈️ 편의 다낭 공항 CIP 라운지 3시간 공항 라운지 3시간 이용권 →","https://myrealt.rip/ZIqK08","공항편의"
149,"별별리뷰","https://mystore-mockup.vercel.app/review__channel","🌟 강추 다낭 바나힐&호이안 퍼펙트 원데이 투어 바나힐+호이안 하루에 완성 →","https://myrealt.rip/ZIqL03","투어"
150,"별별리뷰","https://mystore-mockup.vercel.app/review__channel","🎫 입장권 남호이안 빈원더스 입장권 남호이안 빈원더스 입장권 →","https://myrealt.rip/ZIqMc7","입장권"
151,"별별리뷰","https://mystore-mockup.vercel.app/review__channel","{name:'다낭국제공항 패스트트랙 빠른입국출국',price:'₩44,434',tag:'편의',icon:'✈️',bg:'#DCFCE7',tagC","https://myrealt.rip/ZIqN01","공항편의"
152,"별별리뷰","https://mystore-mockup.vercel.app/review__channel","다낭국제공항 패스트트랙 빠른입국출국","https://myrealt.rip/ZIqE55","공항편의"
153,"별별리뷰","https://mystore-mockup.vercel.app/review__channel","다낭/호이안 짐 보관·배송 (공항-호텔)","https://myrealt.rip/ZIqFc4","숙소"
154,"밍구스월드","https://mystore-mockup.vercel.app/mingoose_world","바투르산 지프투어 선라이즈 (사진천재 와얀)","https://www.myrealtrip.com/experiences/3735536","투어"
155,"밍구스월드","https://mystore-mockup.vercel.app/mingoose_world","발리 응우라라이 공항 픽업&샌딩","https://www.myrealtrip.com/experiences/5542504","공항편의"
156,"밍구스월드","https://mystore-mockup.vercel.app/mingoose_world","발리 바투르산 선라이즈 지프투어 (아퐁투어)","https://www.myrealtrip.com/experiences/3650240","투어"
157,"밍구스월드","https://mystore-mockup.vercel.app/mingoose_world","발리 남부 맞춤 택시투어 (공항드랍 무료)","https://www.myrealtrip.com/experiences/3886810","투어"
158,"밍구스월드","https://mystore-mockup.vercel.app/mingoose_world","발리 프라이빗 택시 맞춤 투어 (남부/동부/우붓)","https://www.myrealtrip.com/experiences/5541608","투어"
159,"밍구스월드","https://mystore-mockup.vercel.app/mingoose_world","발리 공항 픽업/샌딩 단독차량 (비오비투어)","https://www.myrealtrip.com/experiences/5685003","공항편의"
160,"밍구스월드","https://mystore-mockup.vercel.app/mingoose_world","내 맘대로 짜는 발리 남부 투어 (인생샷 스팟)","https://www.myrealtrip.com/experiences/4780599","투어"
161,"밍구스월드","https://mystore-mockup.vercel.app/mingoose_world","발리 프라이빗 자유여행 맞춤 투어 (트립인발리)","https://www.myrealtrip.com/experiences/4206886","투어"
162,"밍구스월드","https://mystore-mockup.vercel.app/mingoose_world","렘푸양 사원(천국의문) 발리 동부 투어 (사진천재 와얀)","https://www.myrealtrip.com/experiences/3735545","투어"
163,"밍구스월드","https://mystore-mockup.vercel.app/mingoose_world","인도네시아 이심 (eSIM/로밍)","https://www.myrealtrip.com/experiences/4743451","이심"
164,"밍구스월드","https://mystore-mockup.vercel.app/mingoose_world","인천-발리 왕복 항공권","https://www.myrealtrip.com/offers?keyword=발리+항공","항공"
165,"밍구스월드","https://mystore-mockup.vercel.app/mingoose_world","짐바란 씨푸드 디너","https://www.myrealtrip.com/offers?keyword=짐바란+씨푸드","기타"
166,"슬숲","https://mystore-mockup.vercel.app/seulsup_","바투르산 지프투어 선라이즈 (사진천재 와얀)","https://myrealt.rip/ZIqed5","투어"
167,"슬숲","https://mystore-mockup.vercel.app/seulsup_","발리 응우라라이 공항 픽업&샌딩","https://myrealt.rip/ZIqf77","공항편의"
168,"슬숲","https://mystore-mockup.vercel.app/seulsup_","발리 바투르산 선라이즈 지프투어 (아퐁투어)","https://myrealt.rip/ZIqg9e","투어"
169,"슬숲","https://mystore-mockup.vercel.app/seulsup_","발리 남부 맞춤 택시투어 (공항드랍 무료)","https://myrealt.rip/ZIqh7a","투어"
170,"슬숲","https://mystore-mockup.vercel.app/seulsup_","발리 프라이빗 택시 맞춤 투어 (남부/동부/우붓)","https://myrealt.rip/ZIqi62","투어"
171,"슬숲","https://mystore-mockup.vercel.app/seulsup_","발리 공항 픽업/샌딩 단독차량 (비오비투어)","https://myrealt.rip/ZIqj28","공항편의"
172,"슬숲","https://mystore-mockup.vercel.app/seulsup_","내 맘대로 짜는 발리 남부 투어 (인생샷 스팟)","https://myrealt.rip/ZIqkaa","투어"
173,"슬숲","https://mystore-mockup.vercel.app/seulsup_","발리 프라이빗 자유여행 맞춤 투어 (트립인발리)","https://myrealt.rip/ZIqle0","투어"
174,"슬숲","https://mystore-mockup.vercel.app/seulsup_","렘푸양 사원(천국의문) 발리 동부 투어 (사진천재 와얀)","https://myrealt.rip/ZIqma3","투어"
175,"슬숲","https://mystore-mockup.vercel.app/seulsup_","인도네시아 이심 (eSIM/로밍)","https://myrealt.rip/ZIqncb","이심"
176,"슬숲","https://mystore-mockup.vercel.app/seulsup_","인천-발리 왕복 항공권","https://myrealt.rip/ZIqo46","항공"
177,"슬숲","https://mystore-mockup.vercel.app/seulsup_","우붓 원숭이숲 입장권","https://myrealt.rip/ZIqp49","입장권"
178,"슬숲","https://mystore-mockup.vercel.app/seulsup_","우붓 전통 요리 클래스","https://myrealt.rip/ZIqq3b","기타"
179,"슬숲","https://mystore-mockup.vercel.app/seulsup_","발리 서핑 레슨 (꾸따 비치)","https://myrealt.rip/ZIqr0b","기타"
180,"슬숲","https://mystore-mockup.vercel.app/seulsup_","발리 전통 스파 (발리니즈)","https://myrealt.rip/ZIqsa2","기타"
181,"늘찬맘","https://mystore-mockup.vercel.app/today.brighten","늘찬맘 팔로워 전용 선착순 할인 쿠폰팩 최대 99,000 원 8종 구성 받기","https://myrealt.rip/Yyjue7","기타"
182,"늘찬맘","https://mystore-mockup.vercel.app/today.brighten","다낭 VIP 패스트트랙 (입출국)","https://myrealt.rip/YyiN77","교통패스"
183,"늘찬맘","https://mystore-mockup.vercel.app/today.brighten","바나힐 입장권 + eSIM 50% 할인","https://myrealt.rip/YyiO9c","이심"
184,"늘찬맘","https://mystore-mockup.vercel.app/today.brighten","다낭 공항 단독 픽업&샌딩","https://myrealt.rip/YyiP62","공항편의"
185,"늘찬맘","https://mystore-mockup.vercel.app/today.brighten","바나힐 + 단독 왕복차량 투어","https://myrealt.rip/YyiRc7","투어"
186,"늘찬맘","https://mystore-mockup.vercel.app/today.brighten","다낭 공항 CIP 라운지 3시간","https://myrealt.rip/YyiS23","공항편의"
187,"늘찬맘","https://mystore-mockup.vercel.app/today.brighten","다낭 바나힐&호이안 퍼펙트 원데이 투어","https://myrealt.rip/YyiUdf","투어"
188,"늘찬맘","https://mystore-mockup.vercel.app/today.brighten","남호이안 빈원더스 입장권","https://myrealt.rip/YyiVcf","입장권"
189,"늘찬맘","https://mystore-mockup.vercel.app/today.brighten","다낭 야간 공항 픽업 (시내/호이안)","https://myrealt.rip/YyiW24","공항편의"
190,"늘찬맘","https://mystore-mockup.vercel.app/today.brighten","다낭국제공항 패스트트랙 (빠른입국·출국)","https://myrealt.rip/YyiXf0","공항편의"
191,"늘찬맘","https://mystore-mockup.vercel.app/today.brighten","다낭·호이안 짐 보관·배송","https://myrealt.rip/YyiY76","기타"
192,"파파트래블","https://mystore-mockup.vercel.app/papatraveltv","파파트래블 구독자 전용 · 해외 여행 선착순 할인 쿠폰팩 총 99,000 원 8종 구성 받기","https://myrealt.rip/Yr3saa","기타"
193,"파파트래블","https://mystore-mockup.vercel.app/papatraveltv","인천-홍콩 왕복 항공권","https://myrealt.rip/Yr4y3c","항공"
194,"파파트래블","https://mystore-mockup.vercel.app/papatraveltv","홍콩 AEL 공항철도","https://myrealt.rip/Yr4Y44","기타"
195,"파파트래블","https://mystore-mockup.vercel.app/papatraveltv","홍콩 옥토퍼스 카드","https://myrealt.rip/Yr4df6","기타"
196,"파파트래블","https://mystore-mockup.vercel.app/papatraveltv","뉴월드 밀레니엄 홍콩","https://myrealt.rip/Yr4rd5","기타"
197,"파파트래블","https://mystore-mockup.vercel.app/papatraveltv","홍콩 빅버스 탑승권","https://myrealt.rip/Yr6g46","기타"
198,"파파트래블","https://mystore-mockup.vercel.app/papatraveltv","별빛든든 야경투어","https://myrealt.rip/Yr6t3d","투어"
199,"파파트래블","https://mystore-mockup.vercel.app/papatraveltv","한국어 가이드 스노클링","https://myrealt.rip/QkVK8b","투어"
200,"파파트래블","https://mystore-mockup.vercel.app/papatraveltv","맹그로브 카누 투어","https://myrealt.rip/QkWIc8","투어"
201,"파파트래블","https://mystore-mockup.vercel.app/papatraveltv","진에어 직항 항공권","https://myrealt.rip/Yr8S65","항공"
202,"파파트래블","https://mystore-mockup.vercel.app/papatraveltv","이시가키 렌트카","https://myrealt.rip/YrCK3a","기타"
203,"파파트래블","https://mystore-mockup.vercel.app/papatraveltv","카비라만 글라스보트","https://myrealt.rip/Yr9K7a","기타"
204,"파파트래블","https://mystore-mockup.vercel.app/papatraveltv","야이마무라 입장권","https://myrealt.rip/Yr9Gbb","입장권"
205,"파파트래블","https://mystore-mockup.vercel.app/papatraveltv","정글 나이트 투어","https://myrealt.rip/Yr9C62","투어"
206,"파파트래블","https://mystore-mockup.vercel.app/papatraveltv","베셀 호텔 (시내 중심)","https://myrealt.rip/Yr95b7","숙소"
207,"파파트래블","https://mystore-mockup.vercel.app/papatraveltv","씨사이드 호텔 (오션뷰)","https://myrealt.rip/Yr8z26","숙소"
208,"파파트래블","https://mystore-mockup.vercel.app/papatraveltv","한국어 가이드 스노클링","https://myrealt.rip/Yr9600","투어"
209,"파파트래블","https://mystore-mockup.vercel.app/papatraveltv","이시가키 맹그로브 카누","https://myrealt.rip/Yr98b8","기타"
210,"트이프","https://mystore-mockup.vercel.app/tep_trip.eat.play","트이프 팔로워 전용 선착순 할인 쿠폰팩 최대 99,000 원 8종 구성 받기","https://myrealt.rip/YtSj41","기타"
211,"트이프","https://mystore-mockup.vercel.app/tep_trip.eat.play","편의 나트랑 깜란공항 패스트트랙 (입국&amp;출국) 입출국 모두 빠르게 →","https://myrealt.rip/ZIrT2c","공항편의"
212,"트이프","https://mystore-mockup.vercel.app/tep_trip.eat.play","공항 나트랑 공항 픽업&amp;샌딩 프라이빗 단독차량 깜란공항 ↔ 나트랑 시내 →","https://myrealt.rip/ZIrU5a","공항편의"
213,"트이프","https://mystore-mockup.vercel.app/tep_trip.eat.play","교토 나라버스투어 사슴공원 교토·나라 당일 투어 →","https://myrealt.rip/Ko5A24","투어"
214,"트이프","https://mystore-mockup.vercel.app/tep_trip.eat.play","간사이 와이드 패스 (오사카, 교토) 오사카·교토 교통 →","https://myrealt.rip/KzR163","교통패스"
215,"트이프","https://mystore-mockup.vercel.app/tep_trip.eat.play","나트랑 아미아나 깜란 리조트 트이프 추천 숙소 →","https://myrealt.rip/Kw3t8a","숙소"
216,"트이프","https://mystore-mockup.vercel.app/tep_trip.eat.play","나트랑 아미아나 칸호아 리조트 트이프 추천 숙소 →","https://myrealt.rip/Kw3ya7","숙소"
217,"트이프","https://mystore-mockup.vercel.app/tep_trip.eat.play","나트랑 국제공항 VIP 패스트트랙","https://myrealt.rip/ZIrV9b","공항편의"
218,"트이프","https://mystore-mockup.vercel.app/tep_trip.eat.play","나트랑 출발 판랑 사막투어 (일출/선셋)","https://myrealt.rip/ZIrWc1","투어"
219,"트이프","https://mystore-mockup.vercel.app/tep_trip.eat.play","나트랑 판랑 사막 인생샷 투어 (드론촬영+스냅 무료)","https://myrealt.rip/ZIrX29","투어"
220,"트이프","https://mystore-mockup.vercel.app/tep_trip.eat.play","나트랑 미니비치 스노쿨링 호핑투어 (한국인가이드+고프로 무료)","https://myrealt.rip/ZIrYdd","투어"
221,"트이프","https://mystore-mockup.vercel.app/tep_trip.eat.play","나트랑 해적 호핑투어 (무제한 음료&맥주+스노클링)","https://myrealt.rip/ZIrZ69","투어"
222,"트이프","https://mystore-mockup.vercel.app/tep_trip.eat.play","나트랑 빈원더스 입장권 + 왕복 케이블카","https://myrealt.rip/ZIra48","입장권"
223,"트이프","https://mystore-mockup.vercel.app/tep_trip.eat.play","나트랑 깜란공항 패스트트랙 (빠른입국&출국)","https://myrealt.rip/ZIrbbe","공항편의"
224,"트이프","https://mystore-mockup.vercel.app/tep_trip.eat.play","나트랑 깜란 공항 단독 & 조인 차량 픽업 샌딩","https://myrealt.rip/ZIrcd6","공항편의"
225,"트이프","https://mystore-mockup.vercel.app/tep_trip.eat.play","인천↔깜란 항공권","https://myrealt.rip/ZJr3a5","항공"
226,"트이프","https://mystore-mockup.vercel.app/tep_trip.eat.play","아미아나 리조트","https://myrealt.rip/ZJr615","숙소"
227,"트이프","https://mystore-mockup.vercel.app/tep_trip.eat.play","미아 리조트 나트랑","https://myrealt.rip/ZJrd52","숙소"
